{
    "name": "root",
    "gauges": {
        "Turret.Policy.Entropy.mean": {
            "value": 0.21639545261859894,
            "min": 0.21639545261859894,
            "max": 1.207269549369812,
            "count": 2
        },
        "Turret.Policy.ExtrinsicValueEstimate.mean": {
            "value": -0.2757461667060852,
            "min": -0.2757461667060852,
            "max": -0.2405238300561905,
            "count": 2
        },
        "Turret.Losses.ValueLoss.mean": {
            "value": 0.01565318927168846,
            "min": 0.01565318927168846,
            "max": 0.0298842154443264,
            "count": 2
        },
        "Turret.Losses.PolicyLoss.mean": {
            "value": 0.2451830953359604,
            "min": 0.2451830953359604,
            "max": 0.247653067111969,
            "count": 2
        },
        "Turret.Policy.LearningRate.mean": {
            "value": 0.0004962439415976405,
            "min": 0.0004962439415976405,
            "max": 0.0004986725398339331,
            "count": 2
        },
        "Turret.Policy.Epsilon.mean": {
            "value": 0.1992487907409668,
            "min": 0.1992487907409668,
            "max": 0.19973450899124146,
            "count": 2
        },
        "Turret.Policy.Beta.mean": {
            "value": 0.0004963190876878798,
            "min": 0.0004963190876878798,
            "max": 0.0004986990243196487,
            "count": 2
        },
        "Turret.Environment.EpisodeLength.mean": {
            "value": 556.7058823529412,
            "min": 546.9444444444445,
            "max": 556.7058823529412,
            "count": 2
        },
        "Turret.Environment.CumulativeReward.mean": {
            "value": -0.3782351878197754,
            "min": -1.786666465509269,
            "max": -0.3782351878197754,
            "count": 2
        },
        "Turret.Policy.ExtrinsicReward.mean": {
            "value": -0.3782351878197754,
            "min": -1.786666465509269,
            "max": -0.3782351878197754,
            "count": 2
        },
        "Turret.IsTraining.mean": {
            "value": 1.0,
            "min": 1.0,
            "max": 1.0,
            "count": 2
        }
    },
    "metadata": {
        "timer_format_version": "0.1.0",
        "start_time_seconds": "1601524367",
        "python_version": "3.8.5 (default, Sep  3 2020, 21:29:08) [MSC v.1916 64 bit (AMD64)]",
        "command_line_arguments": "D:\\Programming\\Anaconda\\envs\\mlagents\\Scripts\\mlagents-learn ./config/turret_config.yaml --run-id=Turret_17",
        "mlagents_version": "0.20.0",
        "mlagents_envs_version": "0.20.0",
        "communication_protocol_version": "1.1.0",
        "tensorflow_version": "2.3.1",
        "numpy_version": "1.19.2",
        "end_time_seconds": "1601524577"
    },
    "total": 210.2291404,
    "count": 1,
    "self": 0.00975880000001439,
    "children": {
        "run_training.setup": {
            "total": 0.010933599999999544,
            "count": 1,
            "self": 0.010933599999999544
        },
        "TrainerController.start_learning": {
            "total": 210.208448,
            "count": 1,
            "self": 0.49051540000095883,
            "children": {
                "TrainerController._reset_env": {
                    "total": 27.4374386,
                    "count": 1,
                    "self": 27.4374386
                },
                "TrainerController.advance": {
                    "total": 176.66828379999905,
                    "count": 11551,
                    "self": 0.2447046999986071,
                    "children": {
                        "env_step": {
                            "total": 176.42357910000044,
                            "count": 11551,
                            "self": 160.45834349999834,
                            "children": {
                                "SubprocessEnvManager._take_step": {
                                    "total": 15.685579800000792,
                                    "count": 11551,
                                    "self": 0.4856362000018102,
                                    "children": {
                                        "TFPolicy.evaluate": {
                                            "total": 15.199943599998981,
                                            "count": 11551,
                                            "self": 15.199943599998981
                                        }
                                    }
                                },
                                "workers": {
                                    "total": 0.27965580000130075,
                                    "count": 11550,
                                    "self": 0.0,
                                    "children": {
                                        "worker_root": {
                                            "total": 180.102349900001,
                                            "count": 11550,
                                            "is_parallel": true,
                                            "self": 39.212245100000615,
                                            "children": {
                                                "steps_from_proto": {
                                                    "total": 0.0009344000000020003,
                                                    "count": 1,
                                                    "is_parallel": true,
                                                    "self": 0.000341199999997599,
                                                    "children": {
                                                        "_process_vector_observation": {
                                                            "total": 0.0005932000000044013,
                                                            "count": 4,
                                                            "is_parallel": true,
                                                            "self": 0.0005932000000044013
                                                        }
                                                    }
                                                },
                                                "UnityEnvironment.step": {
                                                    "total": 140.88917040000038,
                                                    "count": 11550,
                                                    "is_parallel": true,
                                                    "self": 1.3588954000000228,
                                                    "children": {
                                                        "UnityEnvironment._generate_step_input": {
                                                            "total": 3.23830210000094,
                                                            "count": 11550,
                                                            "is_parallel": true,
                                                            "self": 3.23830210000094
                                                        },
                                                        "communicator.exchange": {
                                                            "total": 127.74522389999856,
                                                            "count": 11550,
                                                            "is_parallel": true,
                                                            "self": 127.74522389999856
                                                        },
                                                        "steps_from_proto": {
                                                            "total": 8.546749000000858,
                                                            "count": 11550,
                                                            "is_parallel": true,