{
    "name": "root",
    "gauges": {
        "Turret.Policy.Entropy.mean": {
            "value": 1.3745396137237549,
            "min": 1.3745396137237549,
            "max": 1.3940402269363403,
            "count": 2
        },
        "Turret.Policy.ExtrinsicValueEstimate.mean": {
            "value": -1.5950616598129272,
            "min": -1.5950616598129272,
            "max": -1.190305471420288,
            "count": 2
        },
        "Turret.Losses.ValueLoss.mean": {
            "value": 0.0952528566122055,
            "min": 0.0952528566122055,
            "max": 0.3392884135246277,
            "count": 2
        },
        "Turret.Losses.PolicyLoss.mean": {
            "value": 0.24356313049793243,
            "min": 0.24356313049793243,
            "max": 0.24627378582954407,
            "count": 2
        },
        "Turret.Policy.LearningRate.mean": {
            "value": 0.00012569469981826842,
            "min": 0.00012569469981826842,
            "max": 0.0003742932458408177,
            "count": 2
        },
        "Turret.Policy.Epsilon.mean": {
            "value": 0.12513890862464905,
            "min": 0.12513890862464905,
            "max": 0.17485864460468292,
            "count": 2
        },
        "Turret.Policy.Beta.mean": {
            "value": 0.00013318072888068855,
            "min": 0.00013318072888068855,
            "max": 0.00037680738023482263,
            "count": 2
        },
        "Turret.Environment.EpisodeLength.mean": {
            "value": 536.7894736842105,
            "min": 536.5555555555555,
            "max": 536.7894736842105,
            "count": 2
        },
        "Turret.Environment.CumulativeReward.mean": {
            "value": -8.87898622061077,
            "min": -8.958609274692005,
            "max": -8.87898622061077,
            "count": 2
        },
        "Turret.Policy.ExtrinsicReward.mean": {
            "value": -8.87898622061077,
            "min": -8.958609274692005,
            "max": -8.87898622061077,
            "count": 2
        },
        "Turret.IsTraining.mean": {
            "value": 1.0,
            "min": 1.0,
            "max": 1.0,
            "count": 2
        }
    },
    "metadata": {
        "timer_format_version": "0.1.0",
        "start_time_seconds": "1601473307",
        "python_version": "3.8.5 (default, Sep  3 2020, 21:29:08) [MSC v.1916 64 bit (AMD64)]",
        "command_line_arguments": "D:\\Programming\\Anaconda\\envs\\mlagents\\Scripts\\mlagents-learn ./config/turret_config.yaml --run-id=Turret_1",
        "mlagents_version": "0.20.0",
        "mlagents_envs_version": "0.20.0",
        "communication_protocol_version": "1.1.0",
        "tensorflow_version": "2.3.1",
        "numpy_version": "1.19.2",
        "end_time_seconds": "1601473597"
    },
    "total": 290.3328069,
    "count": 1,
    "self": 0.5183946000000219,
    "children": {
        "run_training.setup": {
            "total": 0.8797339999999991,
            "count": 1,
            "self": 0.8797339999999991
        },
        "TrainerController.start_learning": {
            "total": 288.9346783,
            "count": 1,
            "self": 0.9188635999998382,
            "children": {
                "TrainerController._reset_env": {
                    "total": 20.105833800000003,
                    "count": 1,
                    "self": 20.105833800000003
                },
                "TrainerController.advance": {
                    "total": 263.61392290000015,
                    "count": 20023,
                    "self": 0.44118960000059815,
                    "children": {
                        "env_step": {
                            "total": 263.17273329999955,
                            "count": 20023,
                            "self": 239.7863835000003,
                            "children": {
                                "SubprocessEnvManager._take_step": {
                                    "total": 22.88339130000076,
                                    "count": 20023,
                                    "self": 0.8643802000032395,
                                    "children": {
                                        "TFPolicy.evaluate": {
                                            "total": 22.01901109999752,
                                            "count": 20023,
                                            "self": 22.01901109999752
                                        }
                                    }
                                },
                                "workers": {
                                    "total": 0.5029584999984849,
                                    "count": 20023,
                                    "self": 0.0,
                                    "children": {
                                        "worker_root": {
                                            "total": 267.9449853000021,
                                            "count": 20023,
                                            "is_parallel": true,
                                            "self": 61.44006930000262,
                                            "children": {
                                                "steps_from_proto": {
                                                    "total": 0.0014126000000000971,
                                                    "count": 1,
                                                    "is_parallel": true,
                                                    "self": 0.00038949999999893237,
                                                    "children": {
                                                        "_process_vector_observation": {
                                                            "total": 0.0010231000000011647,
                                                            "count": 4,
                                                            "is_parallel": true,
                                                            "self": 0.0010231000000011647
                                                        }
                                                    }
                                                },
                                                "UnityEnvironment.step": {
                                                    "total": 206.50350339999946,
                                                    "count": 20023,
                                                    "is_parallel": true,
                                                    "self": 2.5487815000033436,
                                                    "children": {
                                                        "UnityEnvironment._generate_step_input": {
                                                            "total": 5.1852296999968,
                                                            "count": 20023,
                                                            "is_parallel": true,
                                                            "self": 5.1852296999968
                                                        },
                                                        "communicator.exchange": {
                                                            "total": 187.40302879999814,
                                                            "count": 20023,
                                                            "is_parallel": true,
                                                            "self": 187.40302879999814
                                                        },
                                                        "steps_from_proto": {
                                                            "total": 11.366463400001166,
                                                            "count": 20023,
                                                            "is_parallel": true,