{
    "name": "root",
    "metadata": {
        "timer_format_version": "0.1.0",
        "start_time_seconds": "1601687448",
        "python_version": "3.8.5 (default, Sep  3 2020, 21:29:08) [MSC v.1916 64 bit (AMD64)]",
        "command_line_arguments": "D:\\Programming\\Anaconda\\envs\\mlagents\\Scripts\\mlagents-learn ./config/turret_config.yaml --run-id=Turret_28",
        "mlagents_version": "0.20.0",
        "mlagents_envs_version": "0.20.0",
        "communication_protocol_version": "1.1.0",
        "tensorflow_version": "2.3.1",
        "numpy_version": "1.19.2",
        "end_time_seconds": "1601687548"
    },
    "total": 100.87780599999999,
    "count": 1,
    "self": 0.013141899999993711,
    "children": {
        "run_training.setup": {
            "total": 0.019693199999999855,
            "count": 1,
            "self": 0.019693199999999855
        },
        "TrainerController.start_learning": {
            "total": 100.84497089999999,
            "count": 1,
            "self": 0.1865936000001085,
            "children": {
                "TrainerController._reset_env": {
                    "total": 20.397418000000002,
                    "count": 1,
                    "self": 20.397418000000002
                },
                "TrainerController.advance": {
                    "total": 74.70367769999989,
                    "count": 4017,
                    "self": 0.09131950000023892,
                    "children": {
                        "env_step": {
                            "total": 74.61235819999965,
                            "count": 4017,
                            "self": 68.40020059999935,
                            "children": {
                                "SubprocessEnvManager._take_step": {
                                    "total": 6.1097028999998955,
                                    "count": 4017,
                                    "self": 0.1833790000000377,
                                    "children": {
                                        "TFPolicy.evaluate": {
                                            "total": 5.926323899999858,
                                            "count": 4017,
                                            "self": 5.926323899999858
                                        }
                                    }
                                },
                                "workers": {
                                    "total": 0.10245470000040413,
                                    "count": 4016,
                                    "self": 0.0,
                                    "children": {
                                        "worker_root": {
                                            "total": 79.03511340000016,
                                            "count": 4016,
                                            "is_parallel": true,
                                            "self": 17.745665800000197,
                                            "children": {
                                                "steps_from_proto": {
                                                    "total": 0.0010793000000006714,
                                                    "count": 1,
                                                    "is_parallel": true,
                                                    "self": 0.0003921999999985104,
                                                    "children": {
                                                        "_process_vector_observation": {
                                                            "total": 0.000687100000002161,
                                                            "count": 4,
                                                            "is_parallel": true,
                                                            "self": 0.000687100000002161
                                                        }
                                                    }
                                                },
                                                "UnityEnvironment.step": {
                                                    "total": 61.28836829999996,
                                                    "count": 4016,
                                                    "is_parallel": true,
                                                    "self": 0.5267072999996714,
                                                    "children": {
                                                        "UnityEnvironment._generate_step_input": {
                                                            "total": 1.248384300000172,
                                                            "count": 4016,
                                                            "is_parallel": true,
                                                            "self": 1.248384300000172
                                                        },
                                                        "communicator.exchange": {
                                                            "total": 55.77726450000009,
                                                            "count": 4016,
                                                            "is_parallel": true,
                                                            "self": 55.77726450000009
                                                        },
                                                        "steps_from_proto": {
                                                            "total": 3.7360122000000224,
                                                            "count": 4016,
                                                            "is_parallel": true,
                                                            "self": 1.2039740999999822,
                                                            "children": {
                                                                "_process_vector_observation": {
                                                                    "total": 2.5320381000000403,
                                                                    "count": 16064,
                                                                    "is_parallel": true,
                                                                    "self": 2.5320381000000403
                                                                }
                                                            }
                                                        }
                                                    }
                                                }
                                            }
                                        }
                                    }
                                }
                            }
                        }
                    }
                },
                "trainer_threads": {
                    "total": 3.4199999987549745e-05,
                    "count": 1,
                    "self": 3.4199999987549745e-05,
                    "children": {
                        "thread_root": {
                            "total": 0.0,
                            "count": 0,
                            "is_parallel": true,
                            "self": 0.0,
                            "children": {
                                "trainer_advance": {
                                    "total": 74.15448590000064,
                                    "count": 32088,
                                    "is_parallel": true,
                                    "self": 1.314244500000001,
                                    "children": {
                                        "process_trajectory": {
                                            "total": 63.42339000000066,
                                            "count": 32088,