{
    "name": "root",
    "gauges": {
        "Turret.Policy.Entropy.mean": {
            "value": -0.49973732233047485,
            "min": -0.6844711899757385,
            "max": 0.6542183756828308,
            "count": 168
        },
        "Turret.Policy.ExtrinsicValueEstimate.mean": {
            "value": -0.22213539481163025,
            "min": -0.3074656128883362,
            "max": 0.6556571125984192,
            "count": 168
        },
        "Turret.Losses.ValueLoss.mean": {
            "value": 0.020274821668863297,
            "min": 0.017888957634568214,
            "max": 0.39938968420028687,
            "count": 168
        },
        "Turret.Losses.PolicyLoss.mean": {
            "value": 0.24131087958812714,
            "min": 0.23346081376075745,
            "max": 0.2859058678150177,
            "count": 168
        },
        "Turret.Policy.LearningRate.mean": {
            "value": 1.2384110732455156e-06,
            "min": 1.2384110732455156e-06,
            "max": 0.000418035255279392,
            "count": 168
        },
        "Turret.Policy.Epsilon.mean": {
            "value": 0.10024765878915787,
            "min": 0.10024765878915787,
            "max": 0.1836070567369461,
            "count": 168
        },
        "Turret.Policy.Beta.mean": {
            "value": 1.1213544894417282e-05,
            "min": 1.1213544894417282e-05,
            "max": 0.00041967452852986753,
            "count": 168
        },
        "Turret.Environment.EpisodeLength.mean": {
            "value": 541.2105263157895,
            "min": 531.4736842105264,
            "max": 625.875,
            "count": 168
        },
        "Turret.Environment.CumulativeReward.mean": {
            "value": 0.875,
            "min": 0.35526315789473684,
            "max": 6.484375,
            "count": 168
        },
        "Turret.Policy.ExtrinsicReward.mean": {
            "value": 0.875,
            "min": 0.35526315789473684,
            "max": 6.484375,
            "count": 168
        },
        "Turret.IsTraining.mean": {
            "value": 1.0,
            "min": 1.0,
            "max": 1.0,
            "count": 168
        }
    },
    "metadata": {
        "timer_format_version": "0.1.0",
        "start_time_seconds": "1601485543",
        "python_version": "3.8.5 (default, Sep  3 2020, 21:29:08) [MSC v.1916 64 bit (AMD64)]",
        "command_line_arguments": "D:\\Programming\\Anaconda\\envs\\mlagents\\Scripts\\mlagents-learn ./config/turret_config.yaml --run-id=Turret_10 --resume",
        "mlagents_version": "0.20.0",
        "mlagents_envs_version": "0.20.0",
        "communication_protocol_version": "1.1.0",
        "tensorflow_version": "2.3.1",
        "numpy_version": "1.19.2",
        "end_time_seconds": "1601498044"
    },
    "total": 12500.2283995,
    "count": 1,
    "self": 0.3674761000002036,
    "children": {
        "run_training.setup": {
            "total": 0.011227499999999946,
            "count": 1,
            "self": 0.011227499999999946
        },
        "TrainerController.start_learning": {
            "total": 12499.8496959,
            "count": 1,
            "self": 35.306884700565206,
            "children": {
                "TrainerController._reset_env": {
                    "total": 13.9547266,
                    "count": 1,
                    "self": 13.9547266
                },
                "TrainerController.advance": {
                    "total": 12444.497030199434,
                    "count": 837610,
                    "self": 17.848175399616593,
                    "children": {
                        "env_step": {
                            "total": 12426.648854799818,
                            "count": 837610,
                            "self": 11434.679716200344,
                            "children": {
                                "SubprocessEnvManager._take_step": {
                                    "total": 970.9843342996169,
                                    "count": 837610,
                                    "self": 37.09291309969706,
                                    "children": {
                                        "TFPolicy.evaluate": {
                                            "total": 933.8914211999198,
                                            "count": 837610,
                                            "self": 933.8914211999198
                                        }
                                    }
                                },
                                "workers": {
                                    "total": 20.984804299856158,
                                    "count": 837610,
                                    "self": 0.0,
                                    "children": {
                                        "worker_root": {
                                            "total": 12444.26581950004,
                                            "count": 837610,
                                            "is_parallel": true,
                                            "self": 2430.094400300648,
                                            "children": {
                                                "steps_from_proto": {
                                                    "total": 0.0008876000000004325,
                                                    "count": 1,
                                                    "is_parallel": true,
                                                    "self": 0.00020389999999892439,
                                                    "children": {
                                                        "_process_vector_observation": {
                                                            "total": 0.0006837000000015081,
                                                            "count": 4,
                                                            "is_parallel": true,
                                                            "self": 0.0006837000000015081
                                                        }
                                                    }
                                                },
                                                "UnityEnvironment.step": {
                                                    "total": 10014.170531599393,
                                                    "count": 837610,
                                                    "is_parallel": true,
                                                    "self": 100.27007129850244,
                                                    "children": {
                                                        "UnityEnvironment._generate_step_input": {
                                                            "total": 236.48922490020504,
                                                            "count": 837610,
                                                            "is_parallel": true,
                                                            "self": 236.48922490020504
                                                        },
                                                        "communicator.exchange": {
                                                            "total": 9156.139785900414,
                                                            "count": 837610,
                                                            "is_parallel": true,
                                                            "self": 9156.139785900414
                                                        },
                                                        "steps_from_proto": {
                                                            "total": 521.2714495002732,
                                                            "count": 837610,
                                                            "is_parallel": true,